<?xml version="1.0" encoding="UTF-8"?>
<project-private xmlns="http://www.netbeans.org/ns/project-private/1">
    <editor-bookmarks xmlns="http://www.netbeans.org/ns/editor-bookmarks/2" lastBookmarkId="0"/>
    <open-files xmlns="http://www.netbeans.org/ns/projectui-open-files/2">
        <group>
            <file>file:/home/akiba/Documents/Java/Learn/GestionHospitaliere/src/Consultation.java</file>
            <file>file:/home/akiba/Documents/Java/Learn/GestionHospitaliere/src/Accueil.java</file>
            <file>file:/home/akiba/Documents/Java/Learn/GestionHospitaliere/src/Facturation.java</file>
            <file>file:/home/akiba/Documents/Java/Learn/GestionHospitaliere/src/Laboratoire.java</file>
            <file>file:/home/akiba/Documents/Java/Learn/GestionHospitaliere/src/Reception.java</file>
            <file>file:/home/akiba/Documents/Java/Learn/GestionHospitaliere/test/core/db.java</file>
            <file>file:/home/akiba/Documents/Java/Learn/GestionHospitaliere/src/Examen.java</file>
            <file>file:/home/akiba/Documents/Java/Learn/GestionHospitaliere/src/Login.java</file>
        </group>
    </open-files>
</project-private>
